code;locale;name;descr
EUR;de;Euro;European Euro
USD;de;US-Dollar;United States Dollar
CAD;de;Kanadischer Dollar;Kanadischer Dollar
AUD;de;Australischer Dollar;Australischer Dollar
GBP;de;Pfund;Britische Pfund
ILS;de;Schekel;Israelische Schekel
EUR;fr;euro;de la Zone euro
USD;fr;dollar;dollar des États-Unis
CAD;fr;dollar canadien;dollar canadien
AUD;fr;dollar australien;dollar australien
GBP;fr;livre sterling;pound sterling
ILS;fr;Shekel;shekel israelien
EUR;en;euro;euro
USD;en;dollar;US dollar
CAD;en;canadien dollar;canadien dollar 
AUD;en;australien dollar;australien dollar 
GBP;en;pound sterling;pound sterling
ILS;en;Shekel;shekel